<?xml version="1.0" encoding="UTF-8"?>
<!DOCTYPE mapper PUBLIC "-//mybatis.org//DTD Mapper 3.0//EN" "http://mybatis.org/dtd/mybatis-3-mapper.dtd">

<!-- 매퍼 네임스페이스 -->
<mapper namespace="com.java.mapper.A_B_NoticeMapper">


    <!-- <resultMap id="A_B_NoticeMap" type="com.java.dto.A_B_Notice">
      <id property="authBusinessWn" column="AUTH_BUSINESS_WN" />
        <result property="authBusinessId" column="AUTH_BUSINESS_ID" />
        <result property="authBusinessKo" column="AUTH_BUSINESS_KO" />
        <result property="authBusinessEm" column="AUTH_BUSINESS_EM" />
        <result property="authBusinessPo" column="AUTH_BUSINESS_PO" />
        <result property="authBusinessDes" column="AUTH_BUSINESS_DES" />
        <result property="authBusinessSal" column="AUTH_BUSINESS_SAL" />
        <result property="authBusinessEmCl" column="AUTH_BUSINESS_EM_CL" />
        <result property="authBusinessKey" column="AUTH_BUSINESS_KEY" />
        <result property="authBusinessQu" column="AUTH_BUSINESS_QU" />
        <result property="authBusinessSc" column="AUTH_BUSINESS_SC" />
        <result property="authBusinessPro" column="AUTH_BUSINESS_PRO" />
        <result property="authBusinessPol" column="AUTH_BUSINESS_POL" />
        <result property="authBusinessDc" column="AUTH_BUSINESS_DC" />
        <result property="authBusinessHit" column="AUTH_BUSINESS_HIT" />
        <result property="authBusinessVol" column="AUTH_BUSINESS_VOL" />
        <result property="authBusinessQue" column="AUTH_BUSINESS_QUE" />
        <result property="authBusinessApp" column="AUTH_BUSINESS_APP" />
        <result property="authBusinessWGu" column="AUTH_BUSINESS_W_GU" />
        <result property="authBusinessWSi" column="AUTH_BUSINESS_W_SI" />
        <result property="authBusinessWLoc" column="AUTH_BUSINESS_W_LOC" />

    </resultMap> -->

    <select id="getAllA_B_Notice" resultType="com.java.dto.A_B_Notice">
        SELECT * FROM A_B_NOTICE
    </select>


    <!-- 업데이트문 -->
    <!-- resulttype 없애야 함 -->
    <update id="increaseApplicantCount">
            UPDATE A_B_Notice
            SET auth_Business_Vol = #{auth_Business_Vol} + 1
            WHERE auth_Business_Wn = #{auth_Business_Wn};
    </update>


    <!-- <select id="getA_B_NoticeById" parameterType="String" resultMap="A_B_NoticeMapper">
        SELECT *
        FROM A_B_NOTICE
        WHERE auth_Business_Wn = #{auth_Business_Wn}
    </select> -->

    <!-- 기업 정보 추가, 수정, 삭제 등의 SQL 쿼리 정의 -->
    <!-- ... -->

</mapper>