<?xml version="1.0" encoding="UTF-8"?>
<!DOCTYPE mapper PUBLIC "-//mybatis.org//DTD Mapper 3.0//EN" "http://mybatis.org/dtd/mybatis-3-mapper.dtd">

<!-- 매퍼 네임스페이스 -->
<mapper namespace="com.java.mapper.MyPages_businessMapper">



    <!-- 정보 가져오기 -->
    <select id="getAllA_B" resultType="com.java.dto.A_B">
        SELECT * FROM A_B
    </select>
    
    <select id="updateA_B" parameterType="com.java.dto.A_B">
           UPDATE A_B
        SET AUTH_BUSINESS_PASSWORD = #{auth_business_password, jdbcType=VARCHAR}, 
        AUTH_BUSINESS_EMAIL = #{auth_business_email, jdbcType=VARCHAR}
        WHERE AUTH_BUSINESS_ID = #{auth_business_id, jdbcType=VARCHAR}
    </select>


    <!-- 업데이트문 -->
    <!-- resulttype 없애야 함 -->
    <!-- <update id="increaseApplicantCount">
            UPDATE A_B_Notice
            SET auth_Business_Vol = #{auth_Business_Vol} + 1
            WHERE auth_Business_Wn = #{auth_Business_Wn};
    </update> -->


    <!-- <select id="getA_B_NoticeById" parameterType="String" resultMap="A_B_NoticeMapper">
        SELECT *
        FROM A_B_NOTICE
        WHERE auth_Business_Wn = #{auth_Business_Wn}
    </select> -->

    <!-- 기업 정보 추가, 수정, 삭제 등의 SQL 쿼리 정의 -->
    <!-- ... -->

</mapper>